Top queries,Clicks,Impressions,CTR,Position
dialysis machine price,2,142,1.41%,12.51
x ray portable machine,1,1,100%,3.0
best price,1,1,100%,4.0
stethoscope india,1,1,100%,11.0
dialysis machine price in india,0,136,0%,12.06
anesthesia machine price,0,28,0%,12.25
price of dialysis machine in india,0,21,0%,11.05
anesthesia workstation price,0,20,0%,15.75
india stethoscope market,0,11,0%,53.0
anesthesia machine price in india,0,10,0%,10.8
dialysis machine cost,0,10,0%,12.3
dialysis machine rate,0,9,0%,9.22
hemodialysis machine price,0,9,0%,14.67
agva healthcare,0,9,0%,15.89
medisys anaesthesia workstation,0,8,0%,8.5
dialysis machine cost in india,0,8,0%,11.25
smd medicare,0,7,0%,1.86
cost of dialysis machine in india,0,6,0%,11.17
anaesthesia workstation price,0,6,0%,19.0
ocm 4008s dialysis machine price,0,5,0%,7.2
dialysis pistol price,0,5,0%,7.6
smd,0,5,0%,8.4
anesthesia workstation price in india,0,5,0%,13.6
dialysis machine,0,5,0%,36.6
india dialysis equipment market,0,5,0%,66.8
haemobicarb,0,4,0%,10.5
anaesthesia workstation price in india,0,4,0%,11.0
cost of a dialysis machine in india,0,4,0%,11.5
blood dialysis machine price,0,4,0%,11.75
anaesthesia machine price,0,4,0%,17.25
dialysis equipment price,0,4,0%,25.0
fresenius dialysis machine,0,4,0%,25.0
niscomed ecg machine,0,4,0%,37.5
fresenius 4008s dialysis machine specifications,0,3,0%,6.33
medisys workstation,0,3,0%,7.0
dailies machine price,0,3,0%,11.0
best dialysis machine price,0,3,0%,11.33
dialyzer machine price,0,3,0%,11.33
agva ventilator price,0,3,0%,15.0
agva ventilator price in india,0,3,0%,16.33
dialysis equipment cost in india,0,3,0%,28.33
डायलिसिस मशीन की कीमत,0,3,0%,42.33
anesthesia machine,0,3,0%,62.33
portable x ray machine,0,3,0%,65.33
creatinine test device market,0,3,0%,85.67
"(""hospital equipment"" or ""icu equipment"" or ""critical care technology"" or 
""manufacturers of medical devices"" or ""indian medical technology"" or 
""diagnostic equipment"" or ""patient monitoring systems"" or ""medical device 
manufacturer"")",0,2,0%,2.5
insulin syringe manufacturers,0,2,0%,5.0
dialysis machine price in germany in indian rupees,0,2,0%,5.5
rate of dialysis machine,0,2,0%,6.0
dialysis machine price india 2026 hemodialysis machine cost,0,2,0%,6.5
"""fresenius""",0,2,0%,9.0
icu bed with ventilator price,0,2,0%,9.0
anaesthesia workstation cost,0,2,0%,9.5
best dialysis machine price in india,0,2,0%,10.0
hospital dialysis machine price,0,2,0%,10.0
how much does a dialysis machine cost in india,0,2,0%,10.0
what is cost of dialysis machine,0,2,0%,10.5
dialysis mission cost,0,2,0%,11.0
hemodialysis machine price in india,0,2,0%,11.5
holter price in india,0,2,0%,12.0
dialysis machine price india,0,2,0%,13.5
dialysis machine in india,0,2,0%,14.0
radiography machine,0,2,0%,15.5
dialysis machine suppliers,0,2,0%,18.5
dialysis machines,0,2,0%,45.0
portable dialysis machine price,0,2,0%,46.0
home dialysis machine cost,0,2,0%,47.5
anaesthesia workstation,0,2,0%,50.0
lensometers,0,2,0%,61.0
portable x ray,0,2,0%,64.5
300ma x ray machine,0,1,0%,1.0
cost of dialysis machine,0,1,0%,1.0
daylesis machine price,0,1,0%,1.0
how much is a dialysis machine,0,1,0%,1.0
how much is dialysis machine,0,1,0%,1.0
medi care,0,1,0%,1.0
modelo 6000,0,1,0%,1.0
new,0,1,0%,1.0
oxygen concentrator sales near me,0,1,0%,1.0
standing x ray machine,0,1,0%,1.0
x ray machine price,0,1,0%,1.0
ye konsi machine h,0,1,0%,1.0
creatinine test kit,0,1,0%,2.0
dialysis tube set,0,1,0%,2.0
dora 6000 hemodialysis machine,0,1,0%,2.0
medical company,0,1,0%,2.0
transducer protector,0,1,0%,2.0
xray machine,0,1,0%,2.0
xray machine price,0,1,0%,2.0
approximate number,0,1,0%,3.0
hemodialysis machine,0,1,0%,3.0
medicare,0,1,0%,3.0
niscomed 3 channel ecg machine,0,1,0%,3.0
ot anaesthesia,0,1,0%,4.0
smd medical,0,1,0%,4.0
price,0,1,0%,5.0
lensometer price,0,1,0%,6.0
tier 3,0,1,0%,6.0
cost of anesthesia machine,0,1,0%,7.0
smd furniture,0,1,0%,7.0
fresenius medical care 4008s dialysis machine,0,1,0%,8.0
dialysis ki machine price,0,1,0%,9.0
fresenius hemodialysis machine,0,1,0%,9.0
new dialysis machine price,0,1,0%,9.0
"(""molecular diagnostics"" or ""pcr testing"" or ""syndromic testing"" or 
""point-of-care diagnostics"" or ""portable diagnostics"" or ""in vitro 
diagnostics"" or ""ivd"" or ""diagnostics"") and (""india"")",0,1,0%,10.0
anaesthesia machine cost,0,1,0%,10.0
anaesthetic machine price,0,1,0%,10.0
dialysis mission price,0,1,0%,10.0
fresenius 4008 dialysis machine,0,1,0%,10.0
how much does a dialysis machine cost,0,1,0%,10.0
medical surgical shop near me,0,1,0%,10.0
medisys anesthesia machine,0,1,0%,10.0
fresenius machine 4008s,0,1,0%,11.0
indian dialysis machine,0,1,0%,11.0
cost dialysis machine,0,1,0%,12.0
cost of a dialysis machine,0,1,0%,12.0
niscomed 12 channel ecg machine,0,1,0%,12.0
portable dialysis machine price in india,0,1,0%,12.0
stethoscope wholesale distributors,0,1,0%,12.0
what is the cost of dialysis machine,0,1,0%,12.0
what is the price of this,0,1,0%,12.0
dialysis machines for sale,0,1,0%,13.0
smd phone,0,1,0%,14.0
price of dialysis machine,0,1,0%,15.0
agva ventilator failure,0,1,0%,17.0
best dialysis machine in india,0,1,0%,19.0
prince in india,0,1,0%,20.0
हेमोडायलिसिस मशीन की कीमत,0,1,0%,21.0
agva ventilator full form,0,1,0%,22.0
wholesale stethoscope,0,1,0%,22.0
dialysis machine india,0,1,0%,24.0
ventilator cost,0,1,0%,28.0
wholesale stethoscope in india,0,1,0%,29.0
x ray machine,0,1,0%,32.0
ent workstation price,0,1,0%,35.0
dialysis consumables,0,1,0%,38.0
agva ventilator manufacturer,0,1,0%,39.0
digital radiography x ray machine,0,1,0%,43.0
anesthesia machines,0,1,0%,45.0
handheld x ray machine,0,1,0%,49.0
handheld x-ray machine,0,1,0%,49.0
dialysis equipment cost,0,1,0%,50.0
ventilator price,0,1,0%,50.0
electric patient bed,0,1,0%,52.0
dialysis machine manufacturers,0,1,0%,55.0
ventilator machine price,0,1,0%,55.0
medical ventilator cost,0,1,0%,56.0
export of stethoscope from india,0,1,0%,58.0
india anesthesia devices market,0,1,0%,75.0
anesthesia devices market,0,1,0%,78.0
dialysis instruments,0,1,0%,79.0
creatinine meter market,0,1,0%,87.0
