Top pages,Impressions
https://www.smdmedicare.in/category/hospital-equipment/dialysis-machines,76
https://www.smdmedicare.in/product/fresenius-4008s-next-generation-hemodialysis-machine,36
https://www.smdmedicare.in/product/optiview-lm-300-auto-lensometer,28
https://www.smdmedicare.in/,27
https://www.smdmedicare.in/blog/fresenius-vs-bbraun-dialysis-machine,19
https://www.smdmedicare.in/blog/dialysis-machine-price-in-india-2026-setup-cost-guide,15
https://www.smdmedicare.in/blog/hospital-furniture-ot-equipment-buying-guide-for-clinics-in-india,15
https://www.smdmedicare.in/blog/how-to-choose-reliable-diagnostic-test-kits-reagents-for-pathology-labs,12
https://www.smdmedicare.in/product/automatic-hospital-blood-pressure-monitor,9
https://www.smdmedicare.in/category/hospital-equipment/anesthesia-machines,7
https://www.smdmedicare.in/category/cardiology/ecg-machines,5
https://www.smdmedicare.in/product/bain-dora-6000-hemodialysis-machine,5
https://www.smdmedicare.in/product/medisys-medivent-gold,5
https://www.smdmedicare.in/product/technomed-c-arm-compatible-hydraulic-ot-table-tmi-1202,4
https://www.smdmedicare.in/blog/essential-icu-hospital-beds-patient-mobility-equipment-procurement-standards-2026,3
https://www.smdmedicare.in/product/30ma-and-50ma-lightweight-portable-x-ray-machine,3
https://www.smdmedicare.in/product/medisys-excelsior-anaesthesia-machine,3
https://www.smdmedicare.in/product/nipro-surdial-55-plus-hemodialysis-machine,3
https://www.smdmedicare.in/blog/choosing-reliable-patient-monitors-oximetry-devices-for-small-clinics-hospitals,2
https://www.smdmedicare.in/blog/icu-ventilator-price-in-india-2026-agva-pro-setup-guide,2
https://www.smdmedicare.in/contact,2
https://www.smdmedicare.in/product/100ma-counter-balance-mobile-x-ray-machine,2
https://www.smdmedicare.in/product/100ma-fixed-x-ray-machine-with-horizontal-bucky-table,2
https://www.smdmedicare.in/product/300ma-multi-position-x-ray-machine,2
https://www.smdmedicare.in/product/300ma-x-ray-machine,2
https://www.smdmedicare.in/product/300ma-x-ray-machine-with-floating-top-table,2
https://www.smdmedicare.in/product/blood-tubing-set,2
https://www.smdmedicare.in/product/dr14w-and-dr17w-jpi-x-ray-detector,2
https://www.smdmedicare.in/product/medisys-carewel,2
https://www.smdmedicare.in/product/niscomed-3-channel-ecg-holter-machine,2
https://smdmedicare.in/product/optiview-lm-300-auto-lensometer,1
https://www.smdmedicare.in/about,1
https://www.smdmedicare.in/blog/niscomed-12-channel-vs-3-channel-ecg,1
https://www.smdmedicare.in/blog/quality-assurance-guidelines-for-elisa-kits-rapid-diagnostic-tests-in-diagnostic-facilities,1
https://www.smdmedicare.in/categories,1
https://www.smdmedicare.in/category/consumables/heating-pads,1
https://www.smdmedicare.in/category/hospital-equipment/ventilators,1
https://www.smdmedicare.in/category/ophthalmology/lensometer,1
https://www.smdmedicare.in/product/100mA-fixed-x-ray-machine-with-horizontal-bucky-table,1
https://www.smdmedicare.in/product/agva-pro-icu-ventilator,1
https://www.smdmedicare.in/product/arterial-venous-blood-tubing-set-hemodialysis,1
https://www.smdmedicare.in/product/auto-refractometer,1
https://www.smdmedicare.in/product/creatinine-meter-m421,1
https://www.smdmedicare.in/product/dr-holder,1
https://www.smdmedicare.in/product/medisys-anomaly-anesthesia-machine,1
https://www.smdmedicare.in/product/medisys-baby-well-bubble,1
https://www.smdmedicare.in/product/niscomed-six-channel-ecg-machine,1
https://www.smdmedicare.in/product/niscomed-three-channel-ecg-machine,1
https://www.smdmedicare.in/product/niscomed-twelve-channel-ecg-machine,1
https://www.smdmedicare.in/product/renaclean-cold-sterilant-5-litre,1
https://www.smdmedicare.in/product/sunmax-spica-40kw-hf-digital-radiography-system,1
